Index,File Name,Sqft = 3444,Sqft = 3874,Sqft = 6124,Sqft = 1475,Sqft = 6572,Sqft = 6650,Sqft = 6614,Sqft = 5961,Sqft = 2166,Sqft = 2229
1.0,Responses_SingleParameterData_ChatGPT4o_Prediction_iter_10_temp_0.25.xlsx,-1.69,-1.41,0.75,2.01,-1.58,-2.03,-0.4,0.47,0.67,-0.3
2.0,Responses_SingleParameterData_ChatGPT4o_Prediction_iter_10_temp_0.5.xlsx,-1.69,-1.7,0.75,2.01,-1.79,-1.84,-0.2,0.24,0.33,-0.3
3.0,Responses_SingleParameterData_ChatGPT4o_Prediction_iter_10_temp_0.75.xlsx,-1.99,-1.7,0.53,1.64,-1.58,-2.03,-0.4,0.24,0.67,-0.3
4.0,Responses_SingleParameterData_ChatGPT4o_Prediction_iter_10_temp_0.xlsx,-1.69,-1.41,0.75,2.01,-1.58,-1.84,-0.2,0.47,0.67,-0.3
5.0,Responses_SingleParameterData_ChatGPT4o_Prediction_iter_10_temp_1.xlsx,-1.99,-1.7,0.35,1.64,-1.79,-2.03,-0.2,0.24,0.33,-0.64
6.0,Responses_SingleParameterData_ChatGPT4o_Prediction_iter_1_temp_0.25.xlsx,-1.69,-1.7,0.53,2.01,-1.79,-2.03,-0.4,0.47,0.67,-0.3
7.0,Responses_SingleParameterData_ChatGPT4o_Prediction_iter_1_temp_0.5.xlsx,-1.99,-1.41,0.75,2.01,-1.58,-1.84,-0.2,0.24,0.67,-0.3
8.0,Responses_SingleParameterData_ChatGPT4o_Prediction_iter_1_temp_0.75.xlsx,-1.99,-1.41,0.53,2.01,-1.79,-1.84,-0.4,0.24,0.67,-0.3
9.0,Responses_SingleParameterData_ChatGPT4o_Prediction_iter_1_temp_0.xlsx,-1.99,-1.41,0.75,2.01,-1.58,-1.84,-0.2,0.47,0.67,-0.3
10.0,Responses_SingleParameterData_ChatGPT4o_Prediction_iter_1_temp_1.xlsx,-1.69,-1.7,0.53,2.01,-1.79,-2.04,-0.4,0.47,0.67,-0.3
11.0,Responses_SingleParameterData_ChatGPT4o_Prediction_iter_2_temp_0.25.xlsx,-1.99,-1.7,0.75,2.01,-1.58,-1.84,-0.4,0.24,0.33,-0.64
12.0,Responses_SingleParameterData_ChatGPT4o_Prediction_iter_2_temp_0.5.xlsx,-1.99,-1.7,0.53,2.01,-1.79,-2.03,-0.4,0.47,0.67,-0.3
13.0,Responses_SingleParameterData_ChatGPT4o_Prediction_iter_2_temp_0.75.xlsx,-1.99,-1.41,0.75,2.01,-0.69,-2.03,-0.4,0.24,0.67,-0.3
14.0,Responses_SingleParameterData_ChatGPT4o_Prediction_iter_2_temp_0.xlsx,-1.69,-1.41,0.75,2.01,-1.58,-1.84,-0.2,0.24,0.67,-0.64
15.0,Responses_SingleParameterData_ChatGPT4o_Prediction_iter_2_temp_1.xlsx,-1.69,-1.7,0.75,1.64,-1.79,-2.03,-0.4,0.24,0.33,-0.64
16.0,Responses_SingleParameterData_ChatGPT4o_Prediction_iter_3_temp_0.25.xlsx,-1.69,-1.7,0.53,1.64,-1.79,-1.84,-0.4,0.47,0.67,-0.3
17.0,Responses_SingleParameterData_ChatGPT4o_Prediction_iter_3_temp_0.5.xlsx,-1.99,-1.41,0.75,1.64,-1.58,-2.03,-0.4,0.47,0.67,-0.3
18.0,Responses_SingleParameterData_ChatGPT4o_Prediction_iter_3_temp_0.75.xlsx,-1.99,-1.41,0.53,1.64,-1.79,-2.03,-0.2,0.47,0.67,-0.64
19.0,Responses_SingleParameterData_ChatGPT4o_Prediction_iter_3_temp_0.xlsx,-1.69,-1.41,0.75,2.01,-1.58,-1.84,-0.2,0.47,0.67,-0.3
20.0,Responses_SingleParameterData_ChatGPT4o_Prediction_iter_3_temp_1.xlsx,-1.99,-1.7,0.53,2.01,-1.79,-1.84,-0.4,0.24,0.33,-0.64
21.0,Responses_SingleParameterData_ChatGPT4o_Prediction_iter_4_temp_0.25.xlsx,-1.99,-1.41,0.75,1.64,-1.58,-1.84,-0.4,0.47,0.33,-0.64
22.0,Responses_SingleParameterData_ChatGPT4o_Prediction_iter_4_temp_0.5.xlsx,-1.99,-1.7,0.75,2.01,-1.79,-2.03,-0.4,0.24,0.67,-0.3
23.0,Responses_SingleParameterData_ChatGPT4o_Prediction_iter_4_temp_0.75.xlsx,-1.99,-1.7,0.53,2.01,-1.58,-1.84,-0.4,0.24,0.33,-0.3
24.0,Responses_SingleParameterData_ChatGPT4o_Prediction_iter_4_temp_0.xlsx,-1.69,-1.41,0.75,2.01,-1.79,-1.84,-0.2,0.47,0.67,-0.64
25.0,Responses_SingleParameterData_ChatGPT4o_Prediction_iter_4_temp_1.xlsx,-1.69,-1.41,0.53,1.64,-1.79,-2.03,-0.2,0.24,0.33,-0.64
26.0,Responses_SingleParameterData_ChatGPT4o_Prediction_iter_5_temp_0.25.xlsx,-1.69,-1.7,0.53,1.64,-1.79,-2.03,-0.2,0.47,0.67,-0.3
27.0,Responses_SingleParameterData_ChatGPT4o_Prediction_iter_5_temp_0.5.xlsx,-1.69,-1.7,0.53,1.64,-1.79,-2.03,-0.4,0.47,0.33,-0.64
28.0,Responses_SingleParameterData_ChatGPT4o_Prediction_iter_5_temp_0.75.xlsx,-1.99,-1.7,0.53,2.01,-1.79,-1.84,-0.2,0.24,0.33,-0.3
29.0,Responses_SingleParameterData_ChatGPT4o_Prediction_iter_5_temp_0.xlsx,-1.69,-1.41,0.75,2.01,-1.79,-1.84,-0.2,0.47,0.67,-0.3
30.0,Responses_SingleParameterData_ChatGPT4o_Prediction_iter_5_temp_1.xlsx,-2.4,-1.41,0.53,1.64,-1.79,-1.84,-0.4,0.47,0.67,-0.64
31.0,Responses_SingleParameterData_ChatGPT4o_Prediction_iter_6_temp_0.25.xlsx,-1.99,-1.7,0.75,2.01,-1.79,-2.03,-0.4,0.24,0.67,-0.3
32.0,Responses_SingleParameterData_ChatGPT4o_Prediction_iter_6_temp_0.5.xlsx,-1.69,-1.41,0.53,2.01,-1.59,-1.84,-0.4,0.24,0.67,-0.3
33.0,Responses_SingleParameterData_ChatGPT4o_Prediction_iter_6_temp_0.75.xlsx,-1.69,-1.41,0.53,1.64,-1.79,-1.84,-0.4,0.47,0.33,-0.64
34.0,Responses_SingleParameterData_ChatGPT4o_Prediction_iter_6_temp_0.xlsx,-1.69,-1.41,0.75,2.01,-1.58,-1.84,-0.4,0.47,0.67,-0.3
35.0,Responses_SingleParameterData_ChatGPT4o_Prediction_iter_6_temp_1.xlsx,-1.69,-1.7,0.75,2.01,-1.79,-1.84,-0.4,0.24,0.33,-0.64
36.0,Responses_SingleParameterData_ChatGPT4o_Prediction_iter_7_temp_0.25.xlsx,-1.69,-1.7,0.75,1.64,-1.79,-1.84,-0.2,0.47,0.67,-0.64
37.0,Responses_SingleParameterData_ChatGPT4o_Prediction_iter_7_temp_0.5.xlsx,-1.99,-1.7,0.75,1.64,-1.58,-2.03,-0.4,0.47,0.33,-0.3
38.0,Responses_SingleParameterData_ChatGPT4o_Prediction_iter_7_temp_0.75.xlsx,-1.99,-1.41,0.75,1.64,-1.79,-1.84,-0.4,0.24,0.33,-0.3
39.0,Responses_SingleParameterData_ChatGPT4o_Prediction_iter_7_temp_0.xlsx,-1.69,-1.41,0.75,2.01,-1.58,-1.84,-0.2,0.47,0.67,-0.3
40.0,Responses_SingleParameterData_ChatGPT4o_Prediction_iter_7_temp_1.xlsx,-1.69,-1.7,0.53,2.01,-1.79,-2.03,-0.2,0.24,0.33,-0.64
41.0,Responses_SingleParameterData_ChatGPT4o_Prediction_iter_8_temp_0.25.xlsx,-1.69,-1.7,0.53,2.01,-1.79,-2.03,-0.2,0.47,0.67,-0.64
42.0,Responses_SingleParameterData_ChatGPT4o_Prediction_iter_8_temp_0.5.xlsx,-1.69,-1.41,0.75,1.64,-1.58,-1.84,-0.2,0.24,0.67,-0.3
43.0,Responses_SingleParameterData_ChatGPT4o_Prediction_iter_8_temp_0.75.xlsx,-1.99,-1.41,0.75,2.01,-1.79,-1.84,-0.4,0.06,0.67,-0.64
44.0,Responses_SingleParameterData_ChatGPT4o_Prediction_iter_8_temp_0.xlsx,-1.69,-1.41,0.75,2.01,-1.58,-1.84,-0.2,0.47,0.33,-0.3
45.0,Responses_SingleParameterData_ChatGPT4o_Prediction_iter_8_temp_1.xlsx,-1.99,-1.7,0.53,1.64,-1.79,-1.84,-0.4,0.47,0.67,-0.64
46.0,Responses_SingleParameterData_ChatGPT4o_Prediction_iter_9_temp_0.25.xlsx,-1.69,-1.7,0.53,2.01,-1.58,-1.84,-0.2,0.47,0.33,-0.64
47.0,Responses_SingleParameterData_ChatGPT4o_Prediction_iter_9_temp_0.5.xlsx,-1.69,-1.41,0.75,1.64,-1.79,-1.84,-0.4,0.47,0.33,-0.3
48.0,Responses_SingleParameterData_ChatGPT4o_Prediction_iter_9_temp_0.75.xlsx,-1.99,-1.41,0.75,1.64,-1.59,-2.03,-0.4,0.24,0.33,-0.3
49.0,Responses_SingleParameterData_ChatGPT4o_Prediction_iter_9_temp_0.xlsx,-1.69,-1.7,0.75,2.01,-1.58,-2.03,-0.2,0.47,0.67,-0.3
50.0,Responses_SingleParameterData_ChatGPT4o_Prediction_iter_9_temp_1.xlsx,-1.99,-1.41,0.53,2.01,-1.79,-2.03,-0.4,0.47,-0.2,-0.64
