Index,File Name,Sqft = 250,Sqft = 275,Sqft = 11000,Sqft = 10500,Sqft = 280,Sqft = 20000,Sqft = 150,Sqft = 50000,Sqft = 100000,Sqft = 102
1.0,Responses_SingleParameterData_ChatGPT4o_Prediction_iter_10_temp_0.25.xlsx,,,0.28,0.34,0.65,-0.65,,2.11,-0.14,
2.0,Responses_SingleParameterData_ChatGPT4o_Prediction_iter_10_temp_0.5.xlsx,,,0.28,0.42,,-0.65,,2.11,-0.14,
3.0,Responses_SingleParameterData_ChatGPT4o_Prediction_iter_10_temp_0.75.xlsx,,1.11,0.28,0.42,,-0.65,,2.11,-0.14,
4.0,Responses_SingleParameterData_ChatGPT4o_Prediction_iter_10_temp_0.xlsx,-0.5,1.11,0.28,0.42,,-0.41,,0.89,2.72,0.66
5.0,Responses_SingleParameterData_ChatGPT4o_Prediction_iter_10_temp_1.xlsx,-0.5,,0.28,,,-0.65,-0.14,2.11,,0.66
6.0,Responses_SingleParameterData_ChatGPT4o_Prediction_iter_1_temp_0.25.xlsx,,1.11,0.22,0.34,0.65,-0.65,,0.89,-0.14,
7.0,Responses_SingleParameterData_ChatGPT4o_Prediction_iter_1_temp_0.5.xlsx,-0.5,,0.28,0.42,0.65,-0.65,,,2.72,
8.0,Responses_SingleParameterData_ChatGPT4o_Prediction_iter_1_temp_0.75.xlsx,,,0.22,0.42,0.65,-0.65,,,-0.14,
9.0,Responses_SingleParameterData_ChatGPT4o_Prediction_iter_1_temp_0.xlsx,,1.11,0.28,0.42,,-0.65,,2.11,-0.14,
10.0,Responses_SingleParameterData_ChatGPT4o_Prediction_iter_1_temp_1.xlsx,,,0.28,0.42,,-0.65,,0.89,-0.14,
11.0,Responses_SingleParameterData_ChatGPT4o_Prediction_iter_2_temp_0.25.xlsx,-0.5,,0.27,0.34,0.65,-0.65,0.27,0.89,-0.14,0.66
12.0,Responses_SingleParameterData_ChatGPT4o_Prediction_iter_2_temp_0.5.xlsx,,1.11,0.28,0.42,,-0.65,0.27,0.89,-0.14,
13.0,Responses_SingleParameterData_ChatGPT4o_Prediction_iter_2_temp_0.75.xlsx,-0.91,,,0.34,0.65,,,0.89,2.72,
14.0,Responses_SingleParameterData_ChatGPT4o_Prediction_iter_2_temp_0.xlsx,-0.5,1.11,0.22,0.42,,-0.65,,0.89,-0.14,
15.0,Responses_SingleParameterData_ChatGPT4o_Prediction_iter_2_temp_1.xlsx,,1.11,,0.42,,-0.65,,,2.72,
16.0,Responses_SingleParameterData_ChatGPT4o_Prediction_iter_3_temp_0.25.xlsx,-0.5,1.11,0.28,0.34,,-0.41,,2.11,2.72,
17.0,Responses_SingleParameterData_ChatGPT4o_Prediction_iter_3_temp_0.5.xlsx,,,0.28,0.42,,-0.65,,,-0.14,
18.0,Responses_SingleParameterData_ChatGPT4o_Prediction_iter_3_temp_0.75.xlsx,-0.5,1.11,0.27,0.34,,-0.41,0.27,0.89,-0.14,
19.0,Responses_SingleParameterData_ChatGPT4o_Prediction_iter_3_temp_0.xlsx,-0.5,,0.28,0.34,0.65,-0.65,0.27,0.89,-0.14,
20.0,Responses_SingleParameterData_ChatGPT4o_Prediction_iter_3_temp_1.xlsx,-0.5,0.7,0.22,0.34,,-0.41,,2.11,-0.14,0.25
21.0,Responses_SingleParameterData_ChatGPT4o_Prediction_iter_4_temp_0.25.xlsx,-0.5,,0.28,0.42,,-0.41,,0.89,-0.14,
22.0,Responses_SingleParameterData_ChatGPT4o_Prediction_iter_4_temp_0.5.xlsx,-0.91,0.7,0.27,0.34,0.65,,,0.89,,0.66
23.0,Responses_SingleParameterData_ChatGPT4o_Prediction_iter_4_temp_0.75.xlsx,,,0.28,0.42,0.24,-0.65,,,,
24.0,Responses_SingleParameterData_ChatGPT4o_Prediction_iter_4_temp_0.xlsx,,1.11,0.28,0.42,0.65,-0.65,,0.89,-0.14,
25.0,Responses_SingleParameterData_ChatGPT4o_Prediction_iter_4_temp_1.xlsx,,,0.28,0.34,,-0.41,0.27,,2.72,0.25
26.0,Responses_SingleParameterData_ChatGPT4o_Prediction_iter_5_temp_0.25.xlsx,,1.11,0.28,0.42,,-0.65,,0.89,-0.14,
27.0,Responses_SingleParameterData_ChatGPT4o_Prediction_iter_5_temp_0.5.xlsx,,,0.28,0.34,0.24,-0.65,-0.14,2.11,-0.14,0.25
28.0,Responses_SingleParameterData_ChatGPT4o_Prediction_iter_5_temp_0.75.xlsx,-0.91,,0.28,,,-0.41,-0.14,,-0.14,
29.0,Responses_SingleParameterData_ChatGPT4o_Prediction_iter_5_temp_0.xlsx,,1.11,0.28,0.42,,-0.65,0.27,0.89,-0.14,
30.0,Responses_SingleParameterData_ChatGPT4o_Prediction_iter_5_temp_1.xlsx,-0.5,1.11,0.28,,,-0.65,-0.14,2.11,-0.14,
31.0,Responses_SingleParameterData_ChatGPT4o_Prediction_iter_6_temp_0.25.xlsx,,,0.22,0.42,0.24,-0.65,0.27,2.11,-0.14,0.66
32.0,Responses_SingleParameterData_ChatGPT4o_Prediction_iter_6_temp_0.5.xlsx,,,0.28,0.42,,-0.41,,,-0.14,
33.0,Responses_SingleParameterData_ChatGPT4o_Prediction_iter_6_temp_0.75.xlsx,,0.7,0.28,0.42,,-0.41,,,2.72,
34.0,Responses_SingleParameterData_ChatGPT4o_Prediction_iter_6_temp_0.xlsx,,1.11,0.28,0.34,0.65,-0.65,,0.89,2.72,0.66
35.0,Responses_SingleParameterData_ChatGPT4o_Prediction_iter_6_temp_1.xlsx,-0.91,1.11,0.28,,45.29,-0.65,47.39,0.89,-1855.41,
36.0,Responses_SingleParameterData_ChatGPT4o_Prediction_iter_7_temp_0.25.xlsx,,1.11,0.22,0.42,,-0.41,,0.89,-0.14,
37.0,Responses_SingleParameterData_ChatGPT4o_Prediction_iter_7_temp_0.5.xlsx,,,0.28,0.42,,,-0.14,2.11,-0.14,
38.0,Responses_SingleParameterData_ChatGPT4o_Prediction_iter_7_temp_0.75.xlsx,,,0.22,0.34,0.24,-0.65,0.27,0.89,-0.14,0.66
39.0,Responses_SingleParameterData_ChatGPT4o_Prediction_iter_7_temp_0.xlsx,,,0.22,0.42,,-0.65,,,-0.14,0.66
40.0,Responses_SingleParameterData_ChatGPT4o_Prediction_iter_7_temp_1.xlsx,-0.5,,,0.42,,,0.27,0.89,2.72,0.25
41.0,Responses_SingleParameterData_ChatGPT4o_Prediction_iter_8_temp_0.25.xlsx,-0.5,,0.22,0.42,,-0.65,,0.89,-0.14,
42.0,Responses_SingleParameterData_ChatGPT4o_Prediction_iter_8_temp_0.5.xlsx,,,0.28,0.34,,-0.65,,0.89,,0.25
43.0,Responses_SingleParameterData_ChatGPT4o_Prediction_iter_8_temp_0.75.xlsx,,,0.27,0.34,0.65,-0.65,,,2.72,
44.0,Responses_SingleParameterData_ChatGPT4o_Prediction_iter_8_temp_0.xlsx,,,0.22,0.34,,-0.65,,0.89,-0.14,
45.0,Responses_SingleParameterData_ChatGPT4o_Prediction_iter_8_temp_1.xlsx,-0.5,0.7,,,,-0.65,,0.89,,0.25
46.0,Responses_SingleParameterData_ChatGPT4o_Prediction_iter_9_temp_0.25.xlsx,,,0.28,0.42,,-0.65,0.27,2.11,-0.14,
47.0,Responses_SingleParameterData_ChatGPT4o_Prediction_iter_9_temp_0.5.xlsx,,,0.28,,,-0.41,0.27,0.89,-0.14,
48.0,Responses_SingleParameterData_ChatGPT4o_Prediction_iter_9_temp_0.75.xlsx,-0.5,,0.27,0.42,,-0.65,,,2.72,
49.0,Responses_SingleParameterData_ChatGPT4o_Prediction_iter_9_temp_0.xlsx,-0.5,1.11,0.28,0.34,,-0.65,,0.89,-0.14,
50.0,Responses_SingleParameterData_ChatGPT4o_Prediction_iter_9_temp_1.xlsx,,,0.22,0.42,,-0.41,,,-0.14,
